ID_DOCUMENTO;ID_EXPERIMENTO;CATEGORIA;NOMBRE_DOCUMENTO;URL
1;22;Informe;Cross-group bandwidth-monitored utilization;https://gigaupload.com/drive/files/universal-dedicated-functionalities.docx
2;31;Resultado de analisis;Open-source uniform strategy;https://dropbasket.net/usr/storage/fully-configurable-user-facing-solution.xls
3;8;Reporte;Inverse demand-driven approach;https://amazondrive./usr/storage/inverse-zero-defect-local-area-network.xls
4;46;Presentacion;Optimized interactive service-desk;https://dropbasket.net/api/getfiles/down-sized-fault-tolerant-archive.docx
5;44;Informe;Down-sized foreground contingency;https://gigaupload.com/api/getfiles/front-line-asynchronous-knowledgebase.txt
6;4;Protocolo;Fully-configurable systemic analyzer;https://madstorage.com/usr/storage/multi-lateral-24/7-leverage.xls
7;45;Presentacion;Adaptive asymmetric superstructure;https://dropbasket.net/usr/storage/synergized-hybrid-circuit.xls
8;5;Reporte;Expanded encompassing adapter;https://dropbasket.net/api/getfiles/phased-coherent-data-warehouse.docx
9;13;Protocolo;Compatible context-sensitive productivity;https://madstorage.com/usr/storage/fully-configurable-full-range-internet-solution.pptx
10;36;Resultado de analisis;Optional mission-critical hub;https://dropbasket.net/api/getfiles/persevering-asymmetric-algorithm.pptx
11;27;Informe;Reduced multimedia attitude;https://dropbasket.net/api/getfiles/monitored-exuding-emulation.pdf
12;46;Resultado de analisis;Upgradable incremental knowledge user;https://madstorage.com/drive/files/ergonomic-zero-tolerance-projection.txt
13;39;Resultado de analisis;Ameliorated value-added task-force;https://madstorage.com/api/getfiles/organized-impactful-website.pdf
14;2;Reporte;Upgradable systematic methodology;https://amazondrive./drive/files/ameliorated-non-volatile-function.docx
15;15;Resultado de analisis;Innovative 6thgeneration forecast;https://amazondrive./api/getfiles/triple-buffered-zero-tolerance-encryption.docx
16;20;Informe;Triple-buffered bandwidth-monitored function;https://gigaupload.com/usr/storage/managed-bottom-line-flexibility.pptx
17;5;Reporte;Enhanced discrete time-frame;https://dropbasket.net/drive/files/proactive-24/7-firmware.txt
18;48;Presentacion;Proactive multi-tasking product;https://madstorage.com/usr/storage/automated-bifurcated-neural-net.pptx
19;13;Resultado de analisis;Re-engineered context-sensitive help-desk;https://gigaupload.com/api/getfiles/innovative-grid-enabled-migration.docx
20;31;Resultado de analisis;Open-source encompassing complexity;https://gigaupload.com/api/getfiles/profit-focused-upward-trending-service-desk.pptx
21;3;Protocolo;Multi-tiered methodical portal;https://amazondrive./drive/files/monitored-logistical-product.pdf
22;16;Resultado de analisis;Front-line dedicated encryption;https://madstorage.com/api/getfiles/polarized-grid-enabled-projection.txt
23;19;Resultado de analisis;User-centric mission-critical application;https://madstorage.com/usr/storage/persistent-bi-directional-array.xls
24;25;Presentacion;Front-line uniform toolset;https://madstorage.com/drive/files/re-contextualized-intangible-website.pptx
25;21;Reporte;Multi-layered dedicated system engine;https://amazondrive./drive/files/customizable-multimedia-capability.txt
26;38;Informe;Organic systematic Graphic Interface;https://amazondrive./usr/storage/customer-focused-motivating-access.pdf
27;39;Reporte;Implemented solution-oriented core;https://madstorage.com/drive/files/reduced-clear-thinking-groupware.xls
28;29;Protocolo;Networked local application;https://dropbasket.net/drive/files/front-line-context-sensitive-encryption.txt
29;29;Presentacion;Programmable tertiary Internet solution;https://amazondrive./usr/storage/total-eco-centric-secured-line.xls
30;15;Reporte;Reverse-engineered full-range knowledge user;https://madstorage.com/api/getfiles/ergonomic-exuding-attitude.xls
31;1;Protocolo;Integrated directional emulation;https://amazondrive./api/getfiles/exclusive-system-worthy-benchmark.txt
32;26;Protocolo;Grass-roots logistical process improvement;https://gigaupload.com/drive/files/vision-oriented-zero-defect-model.xls
33;16;Presentacion;Synergized eco-centric capability;https://madstorage.com/usr/storage/front-line-user-facing-service-desk.xls
34;37;Reporte;Re-contextualized content-based encoding;https://gigaupload.com/usr/storage/versatile-24hour-migration.txt
35;46;Informe;Cross-platform uniform migration;https://madstorage.com/usr/storage/down-sized-solution-oriented-middleware.pptx
36;32;Resultado de analisis;Synergized disintermediate projection;https://amazondrive./usr/storage/re-contextualized-local-superstructure.pdf
37;16;Reporte;Phased coherent instruction set;https://madstorage.com/api/getfiles/implemented-uniform-standardization.xls
38;10;Reporte;Implemented demand-driven Local Area Network;https://amazondrive./usr/storage/re-contextualized-coherent-analyzer.txt
39;40;Resultado de analisis;Cloned non-volatile approach;https://madstorage.com/usr/storage/compatible-solution-oriented-graphic-interface.xls
40;5;Reporte;Adaptive tertiary info-mediaries;https://gigaupload.com/drive/files/diverse-scalable-projection.pdf
41;17;Resultado de analisis;Assimilated foreground knowledgebase;https://amazondrive./api/getfiles/triple-buffered-asynchronous-website.xls
42;18;Informe;Realigned uniform implementation;https://gigaupload.com/usr/storage/business-focused-bifurcated-functionalities.txt
43;49;Informe;Advanced cohesive instruction set;https://madstorage.com/api/getfiles/seamless-user-facing-superstructure.xls
44;19;Informe;Seamless zero administration help-desk;https://dropbasket.net/usr/storage/function-based-modular-product.xls
45;18;Reporte;Multi-tiered optimizing task-force;https://madstorage.com/drive/files/multi-lateral-next-generation-flexibility.docx
46;10;Presentacion;Public-key object-oriented circuit;https://dropbasket.net/usr/storage/fundamental-context-sensitive-policy.pptx
47;17;Resultado de analisis;Realigned motivating definition;https://madstorage.com/usr/storage/synchronized-client-server-firmware.docx
48;22;Resultado de analisis;Horizontal bottom-line system engine;https://dropbasket.net/api/getfiles/front-line-coherent-portal.pptx
49;14;Protocolo;Re-contextualized 24/7 core;https://dropbasket.net/drive/files/reverse-engineered-explicit-parallelism.docx
50;2;Presentacion;Stand-alone analyzing model;https://amazondrive./drive/files/team-oriented-contextually-based-portal.docx
51;37;Presentacion;Stand-alone background forecast;https://dropbasket.net/usr/storage/business-focused-neutral-open-architecture.txt
52;28;Resultado de analisis;Grass-roots scalable collaboration;https://amazondrive./drive/files/versatile-attitude-oriented-interface.txt
53;31;Protocolo;Self-enabling cohesive installation;https://madstorage.com/api/getfiles/expanded-contextually-based-synergy.xls
54;42;Resultado de analisis;Multi-lateral context-sensitive system engine;https://amazondrive./api/getfiles/implemented-clear-thinking-alliance.pptx
55;28;Reporte;Total hybrid algorithm;https://dropbasket.net/usr/storage/right-sized-bi-directional-focus-group.docx
56;37;Protocolo;Automated solution-oriented strategy;https://amazondrive./drive/files/face-to-face-object-oriented-architecture.txt
57;35;Informe;Profound background infrastructure;https://gigaupload.com/usr/storage/re-contextualized-didactic-strategy.pptx
58;33;Resultado de analisis;Decentralized holistic array;https://gigaupload.com/api/getfiles/compatible-bi-directional-support.pdf
59;3;Presentacion;Face-to-face bandwidth-monitored strategy;https://gigaupload.com/api/getfiles/open-architected-system-worthy-challenge.pdf
60;40;Informe;Grass-roots intermediate synergy;https://madstorage.com/drive/files/decentralized-system-worthy-benchmark.txt
61;19;Reporte;Virtual web-enabled moderator;https://amazondrive./drive/files/multi-layered-clear-thinking-groupware.pdf
62;8;Reporte;Monitored logistical software;https://dropbasket.net/api/getfiles/optimized-logistical-frame.pdf
63;49;Presentacion;Cloned incremental help-desk;https://madstorage.com/drive/files/organized-bandwidth-monitored-toolset.pdf
64;47;Presentacion;Phased next generation structure;https://gigaupload.com/drive/files/centralized-object-oriented-moratorium.docx
65;49;Presentacion;Down-sized asymmetric database;https://dropbasket.net/drive/files/advanced-didactic-matrices.txt
66;8;Resultado de analisis;Automated scalable approach;https://madstorage.com/api/getfiles/customer-focused-bifurcated-concept.txt
67;16;Presentacion;Business-focused exuding model;https://gigaupload.com/api/getfiles/distributed-neutral-paradigm.txt
68;29;Presentacion;Profound neutral emulation;https://gigaupload.com/drive/files/cross-group-didactic-solution.pptx
69;25;Protocolo;Compatible bi-directional success;https://amazondrive./api/getfiles/open-source-background-standardization.pdf
70;18;Reporte;Profound context-sensitive infrastructure;https://dropbasket.net/api/getfiles/de-engineered-methodical-ability.docx
71;18;Protocolo;Open-architected modular help-desk;https://amazondrive./api/getfiles/secured-high-level-neural-net.pdf
72;1;Protocolo;Sharable multimedia Graphic Interface;https://amazondrive./drive/files/managed-contextually-based-moderator.pptx
73;25;Presentacion;Streamlined mission-critical access;https://gigaupload.com/api/getfiles/centralized-systematic-utilization.xls
74;36;Informe;Assimilated reciprocal matrix;https://dropbasket.net/usr/storage/devolved-composite-standardization.pdf
75;37;Presentacion;Persistent full-range benchmark;https://dropbasket.net/api/getfiles/pre-emptive-background-parallelism.xls
76;9;Resultado de analisis;Streamlined solution-oriented data-warehouse;https://dropbasket.net/usr/storage/front-line-fault-tolerant-access.pptx
77;48;Protocolo;Implemented maximized encryption;https://madstorage.com/drive/files/user-friendly-national-artificial-intelligence.pdf
78;5;Protocolo;Team-oriented holistic flexibility;https://madstorage.com/drive/files/innovative-static-groupware.pptx
79;3;Reporte;Re-contextualized full-range data-warehouse;https://madstorage.com/drive/files/visionary-multimedia-emulation.txt
80;7;Presentacion;Configurable 3rdgeneration matrix;https://dropbasket.net/api/getfiles/automated-reciprocal-collaboration.docx
81;26;Presentacion;Up-sized foreground matrix;https://amazondrive./api/getfiles/optional-foreground-neural-net.pptx
82;26;Informe;Stand-alone responsive firmware;https://madstorage.com/usr/storage/multi-channeled-exuding-knowledgebase.xls
83;17;Presentacion;De-engineered cohesive extranet;https://madstorage.com/usr/storage/operative-6thgeneration-artificial-intelligence.pdf
84;1;Presentacion;Fundamental reciprocal strategy;https://gigaupload.com/drive/files/quality-focused-multi-state-data-warehouse.docx
85;41;Protocolo;Public-key object-oriented Graphic Interface;https://gigaupload.com/usr/storage/multi-lateral-foreground-open-architecture.pptx
86;25;Informe;Progressive zero administration support;https://dropbasket.net/api/getfiles/centralized-5thgeneration-ability.pptx
87;40;Resultado de analisis;Automated incremental conglomeration;https://gigaupload.com/usr/storage/monitored-asymmetric-productivity.docx
88;31;Resultado de analisis;Self-enabling mobile groupware;https://gigaupload.com/usr/storage/configurable-secondary-alliance.txt
89;42;Reporte;Intuitive client-server task-force;https://amazondrive./api/getfiles/robust-dynamic-interface.xls
90;35;Resultado de analisis;Multi-tiered stable concept;https://amazondrive./api/getfiles/optimized-uniform-project.pptx
91;31;Reporte;Total mobile software;https://amazondrive./drive/files/re-engineered-optimizing-access.xls
92;5;Reporte;Universal value-added toolset;https://amazondrive./usr/storage/compatible-bandwidth-monitored-superstructure.docx
93;38;Informe;Total eco-centric alliance;https://amazondrive./api/getfiles/advanced-encompassing-infrastructure.pdf
94;27;Informe;Seamless non-volatile utilization;https://amazondrive./usr/storage/down-sized-intermediate-conglomeration.xls
95;33;Informe;Configurable solution-oriented budgetary management;https://gigaupload.com/drive/files/multi-tiered-cohesive-collaboration.pptx
96;21;Protocolo;Reactive 24/7 installation;https://madstorage.com/drive/files/versatile-systemic-local-area-network.xls
97;15;Informe;Streamlined tertiary challenge;https://amazondrive./usr/storage/intuitive-global-throughput.xls
98;28;Resultado de analisis;Cross-group value-added matrix;https://gigaupload.com/api/getfiles/user-centric-multi-tasking-capability.pptx
99;25;Reporte;Ergonomic multi-tasking encryption;https://dropbasket.net/usr/storage/cloned-clear-thinking-firmware.pptx
100;45;Resultado de analisis;User-centric upward-trending hub;https://gigaupload.com/api/getfiles/digitized-object-oriented-time-frame.pdf
